City_ID,City,Country,Date,Lat,Lng,Max Temp,Humidity,Cloudiness,Wind Speed
0,Opuwo,NA,2021-03-19 16:45:38,-18.0607,13.84,78.12,60,68,3.27
1,Udimskiy,RU,2021-03-19 16:45:38,61.1417,45.9144,20.12,94,100,5.91
2,Berlevag,NO,2021-03-19 16:45:39,70.8578,29.0864,24.8,80,20,41.43
3,Norman Wells,CA,2021-03-19 16:45:39,65.282,-126.8329,-4.0,77,75,21.85
4,Patitirion,GR,2021-03-19 16:45:39,39.15,23.8667,51.8,82,75,8.05
5,Port Elizabeth,ZA,2021-03-19 16:45:40,-33.918,25.5701,68.0,73,90,9.22
6,Busselton,AU,2021-03-19 16:45:40,-33.65,115.3333,70.66,55,89,6.91
7,Port Lincoln,AU,2021-03-19 16:45:41,-34.7333,135.8667,66.96,77,30,12.3
8,Inirida,CO,2021-03-19 16:45:41,3.8653,-67.9239,91.4,54,90,1.36
9,Kavaratti,IN,2021-03-19 16:45:41,10.5669,72.642,83.35,71,2,8.28
10,Clyde River,CA,2021-03-19 16:45:42,70.4692,-68.5914,-16.6,69,20,3.44
11,Qaanaaq,GL,2021-03-19 16:45:42,77.484,-69.3632,-6.59,74,100,2.89
12,Mataura,NZ,2021-03-19 16:45:42,-46.1927,168.8643,54.0,83,93,4.0
13,Butaritari,KI,2021-03-19 16:45:43,3.0707,172.7902,80.98,80,100,11.21
14,Nata,PA,2021-03-19 16:45:43,8.3333,-80.5167,84.2,74,40,9.22
15,Lebu,CL,2021-03-19 16:45:43,-37.6167,-73.65,59.27,73,30,11.03
16,Albany,US,2021-03-19 16:41:07,42.6001,-73.9662,35.01,27,1,3.0
17,Marsa Matruh,EG,2021-03-19 16:45:44,31.3525,27.2453,64.4,55,40,14.97
18,Avarua,CK,2021-03-19 16:45:44,-21.2078,-159.775,77.0,88,90,3.44
19,Airai,TL,2021-03-19 16:45:45,-8.9266,125.4092,59.79,90,78,2.13
20,Upernavik,GL,2021-03-19 16:45:45,72.7868,-56.1549,8.22,85,100,2.21
21,Santa Maria,BR,2021-03-19 16:42:05,-29.6842,-53.8069,80.6,65,20,14.97
22,Metro,ID,2021-03-19 16:45:46,-5.1131,105.3067,75.4,91,77,7.23
23,Jamestown,US,2021-03-19 16:45:46,42.097,-79.2353,35.01,43,1,14.61
24,Mahebourg,MU,2021-03-19 16:45:47,-20.4081,57.7,78.8,78,40,6.91
25,Mar Del Plata,AR,2021-03-19 16:45:00,-38.0023,-57.5575,69.01,49,0,13.8
26,Peravurani,IN,2021-03-19 16:45:47,10.3,79.1833,77.86,76,36,7.96
27,Ushuaia,AR,2021-03-19 16:45:47,-54.8,-68.3,51.8,62,40,12.66
28,Hermanus,ZA,2021-03-19 16:45:48,-34.4187,19.2345,66.99,65,100,1.99
29,Gra Liyia,GR,2021-03-19 16:45:48,35.0167,25.6833,61.0,69,92,4.0
30,Katsuura,JP,2021-03-19 16:45:49,35.1333,140.3,53.6,71,75,8.05
31,Ceres,US,2021-03-19 16:45:49,37.5949,-120.9577,54.0,94,90,4.61
32,Hailar,CN,2021-03-19 16:45:49,49.2,119.7,21.97,70,100,3.27
33,Arraial Do Cabo,BR,2021-03-19 16:45:50,-22.9661,-42.0278,89.6,65,20,10.36
34,Yanliang,CN,2021-03-19 16:45:50,34.6592,109.2292,48.99,66,0,6.71
35,Sioux Lookout,CA,2021-03-19 16:45:50,50.1001,-91.917,42.8,45,40,11.5
36,Labuhan,ID,2021-03-19 16:45:51,-6.8844,112.2051,80.13,83,93,7.63
37,Irbeyskoye,RU,2021-03-19 16:45:51,55.6428,95.4522,14.68,85,89,6.69
38,Khatanga,RU,2021-03-19 16:45:51,71.9667,102.5,-31.81,98,100,3.98
39,Tres Arroyos,AR,2021-03-19 16:41:30,-38.3739,-60.2798,72.64,39,0,14.76
40,Guerrero Negro,MX,2021-03-19 16:45:52,27.9769,-114.0611,66.0,54,20,8.46
41,Ilebo,CD,2021-03-19 16:45:52,-4.3167,20.5833,80.38,73,62,1.36
42,Green River,US,2021-03-19 16:41:34,41.5286,-109.4662,45.0,65,1,4.61
43,Rikitea,PF,2021-03-19 16:45:52,-23.1203,-134.9692,80.33,76,100,12.71
44,Chaplygin,RU,2021-03-19 16:45:53,53.2432,39.9629,32.0,65,100,7.54
45,Saint George,US,2021-03-19 16:41:01,37.1041,-113.5841,48.2,66,1,3.44
46,Puerto Ayora,EC,2021-03-19 16:43:29,-0.7393,-90.3518,82.4,78,20,9.22
47,Sitka,US,2021-03-19 16:42:35,57.0531,-135.33,33.8,80,90,11.5
48,Hithadhoo,MV,2021-03-19 16:45:53,-0.6,73.0833,82.76,73,100,11.54
49,Cape Town,ZA,2021-03-19 16:43:13,-33.9258,18.4232,68.0,60,20,19.57
50,Huainan,CN,2021-03-19 16:45:54,32.6264,116.9969,42.31,91,100,6.8
51,Punta Arenas,CL,2021-03-19 16:45:54,-53.15,-70.9167,48.2,87,90,12.66
52,Thompson,CA,2021-03-19 16:42:14,55.7435,-97.8558,39.2,60,20,6.91
53,Chokurdakh,RU,2021-03-19 16:45:55,70.6333,147.9167,-16.96,79,100,8.5
54,Kailua,US,2021-03-19 16:42:02,21.4022,-157.7394,69.8,68,75,12.66
55,Bengkulu,ID,2021-03-19 16:45:56,-3.8004,102.2655,76.86,88,100,4.32
56,Beloha,MG,2021-03-19 16:45:56,-25.1667,45.05,78.51,71,22,6.08
57,Faanui,PF,2021-03-19 16:45:56,-16.4833,-151.75,81.99,67,27,4.81
58,Nampa,US,2021-03-19 16:45:57,43.5407,-116.5635,55.4,82,75,3.44
59,Lewisville,US,2021-03-19 16:45:57,33.0462,-96.9942,55.99,54,40,11.5
60,Havoysund,NO,2021-03-19 16:45:57,70.9963,24.6622,37.4,93,90,27.63
61,Bluff,NZ,2021-03-19 16:45:58,-46.6,168.3333,54.0,83,100,4.0
62,Manzanillo,CU,2021-03-19 16:45:58,20.3433,-77.1167,85.59,51,26,8.12
63,Abu Kamal,SY,2021-03-19 16:45:58,34.4506,40.9171,63.43,36,5,5.88
64,Palm City,US,2021-03-19 16:43:10,27.1678,-80.2662,81.0,53,20,9.22
65,Eyl,SO,2021-03-19 16:45:59,7.9803,49.8164,78.22,78,0,15.35
66,Barrow,US,2021-03-19 16:45:59,71.2906,-156.7887,-7.6,77,90,5.75
67,Tiksi,RU,2021-03-19 16:45:59,71.6872,128.8694,-17.55,95,84,14.81
68,Lavrentiya,RU,2021-03-19 16:46:00,65.5833,-171.0,-17.41,89,3,4.9
69,Port Macquarie,AU,2021-03-19 16:46:00,-31.4333,152.9167,69.8,94,75,24.16
70,Kapaa,US,2021-03-19 16:46:01,22.0752,-159.319,69.8,73,90,18.41
71,Port Alfred,ZA,2021-03-19 16:46:01,-33.5906,26.891,68.05,83,98,14.09
72,Carnarvon,AU,2021-03-19 16:46:02,-24.8667,113.6333,78.8,69,0,10.36
73,Cap-Aux-Meules,CA,2021-03-19 16:45:19,47.3821,-61.8597,19.4,73,100,27.63
74,New Norfolk,AU,2021-03-19 16:46:02,-42.7826,147.0587,55.99,72,0,1.7
75,Taunggyi,MM,2021-03-19 16:46:03,20.7833,97.0333,63.09,43,16,1.81
76,Fortuna,US,2021-03-19 16:46:03,40.5982,-124.1573,52.0,93,40,9.22
77,Guaratinga,BR,2021-03-19 16:46:03,-16.5667,-39.5667,84.2,65,40,9.22
78,Junagadh,IN,2021-03-19 16:46:04,21.5167,70.4667,69.66,85,0,4.21
79,East London,ZA,2021-03-19 16:46:04,-33.0153,27.9116,66.2,100,90,8.05
80,Mehamn,NO,2021-03-19 16:46:05,71.0357,27.8492,30.2,86,40,36.82
81,Kununurra,AU,2021-03-19 16:46:05,-15.7667,128.7333,75.2,100,100,6.91
82,Lasa,IT,2021-03-19 16:46:06,46.6166,10.7002,48.2,47,40,8.05
83,Palana,RU,2021-03-19 16:46:06,59.1167,159.9667,9.81,94,100,7.49
84,Waipawa,NZ,2021-03-19 16:46:06,-41.4122,175.5153,53.6,82,0,3.44
85,Caravelas,BR,2021-03-19 16:46:07,-17.7125,-39.2481,84.81,57,68,9.13
86,Staryy Krym,UA,2021-03-19 16:46:07,45.0333,35.1,39.65,72,85,4.63
87,Coahuayana,MX,2021-03-19 16:46:08,18.7333,-103.6833,78.8,41,40,4.54
88,Nongan,CN,2021-03-19 16:46:08,44.382,125.1685,37.99,64,0,4.47
89,Phek,IN,2021-03-19 16:46:08,25.6667,94.5,51.53,50,60,0.76
90,Victoria,HK,2021-03-19 16:44:31,22.2855,114.1577,75.0,86,5,5.77
91,Nanortalik,GL,2021-03-19 16:46:09,60.1432,-45.2371,30.6,81,100,17.87
92,Cayenne,GF,2021-03-19 16:42:31,4.9333,-52.3333,87.8,55,40,12.66
93,Cidreira,BR,2021-03-19 16:46:09,-30.1811,-50.2056,75.72,64,59,10.18
94,Shenjiamen,CN,2021-03-19 16:46:10,29.9576,122.298,53.19,96,67,6.91
95,Saint-Philippe,RE,2021-03-19 16:46:10,-21.3585,55.7679,77.0,83,75,18.41
96,Lebyazhye,RU,2021-03-19 16:46:11,55.2689,66.4947,29.95,85,100,12.53
97,Dinguiraye,GN,2021-03-19 16:46:11,11.3,-10.7167,100.65,14,6,2.06
98,Vila Velha,BR,2021-03-19 16:41:19,-20.3297,-40.2925,87.01,58,20,12.66
99,The Valley,AI,2021-03-19 16:46:12,18.217,-63.0578,82.4,57,20,18.41
100,Talnakh,RU,2021-03-19 16:46:12,69.4865,88.3972,-25.58,93,38,9.19
101,Agadir,MA,2021-03-19 16:46:13,30.4202,-9.5982,75.2,43,20,24.16
102,Mount Isa,AU,2021-03-19 16:46:13,-20.7333,139.5,82.4,44,75,10.36
103,Ust-Kuyga,RU,2021-03-19 16:46:13,70.0167,135.6,-3.53,93,100,6.11
104,Georgetown,MY,2021-03-19 16:41:14,5.4112,100.3354,80.6,57,20,3.44
105,Mattru,SL,2021-03-19 16:46:14,7.6244,-11.8332,91.78,45,37,8.23
106,Kaitangata,NZ,2021-03-19 16:46:14,-46.2817,169.8464,47.05,92,90,6.91
107,Broken Hill,AU,2021-03-19 16:46:14,-31.95,141.4333,73.4,56,40,13.8
108,Bom Jesus,BR,2021-03-19 16:46:15,-9.0744,-44.3586,82.51,75,94,6.13
109,Vikravandi,IN,2021-03-19 16:46:15,12.0333,79.55,73.49,82,0,3.0
110,Castro,BR,2021-03-19 16:46:16,-24.7911,-50.0119,73.53,79,57,7.54
111,Klaksvik,FO,2021-03-19 16:46:16,62.2266,-6.589,44.6,100,75,14.97
112,Longyearbyen,SJ,2021-03-19 16:44:59,78.2186,15.6401,32.0,74,40,11.5
113,Laguna,US,2021-03-19 16:46:16,38.421,-121.4238,55.0,93,90,3.44
114,Kruisfontein,ZA,2021-03-19 16:46:17,-34.0033,24.7314,63.28,84,100,10.49
115,Kitimat,CA,2021-03-19 16:46:17,54.0524,-128.6534,37.99,96,95,2.39
116,Gornopravdinsk,RU,2021-03-19 16:46:18,60.05,69.9,26.47,98,100,2.39
117,Bandarbeyla,SO,2021-03-19 16:46:18,9.4942,50.8122,78.64,74,34,13.85
118,Boyabat,TR,2021-03-19 16:46:18,41.4689,34.7667,48.2,76,75,5.75
119,Sumbe,AO,2021-03-19 16:46:19,-11.2061,13.8437,80.64,78,14,9.08
120,Innisfail,AU,2021-03-19 16:46:19,-17.5333,146.0333,75.81,88,100,4.63
121,Mandera,KE,2021-03-19 16:46:20,3.9366,41.867,82.35,55,98,11.18
122,Ondjiva,AO,2021-03-19 16:46:20,-17.0667,15.7333,78.8,65,40,6.91
123,Urumqi,CN,2021-03-19 16:46:20,43.801,87.6005,30.2,69,0,6.71
124,Pastavy,BY,2021-03-19 16:46:21,55.1168,26.8326,28.09,86,99,9.98
125,Coos Bay,US,2021-03-19 16:46:21,43.3665,-124.2179,46.99,87,90,4.61
126,Hilo,US,2021-03-19 16:46:21,19.7297,-155.09,66.2,82,75,4.61
127,Nanlong,CN,2021-03-19 16:46:22,31.3533,106.0631,57.36,51,100,11.61
128,Aberdeen,GB,2021-03-19 16:42:45,57.1437,-2.0981,50.0,87,90,10.36
129,Yenotayevka,RU,2021-03-19 16:46:22,47.2456,47.0281,36.0,92,100,1.01
130,Cururupu,BR,2021-03-19 16:46:23,-1.8283,-44.8683,81.57,86,57,3.91
131,Dikson,RU,2021-03-19 16:46:23,73.5069,80.5464,-31.79,92,0,4.68
132,Sribne,UA,2021-03-19 16:46:23,50.6638,32.9187,32.9,85,100,4.76
133,Port-Cartier,CA,2021-03-19 16:46:24,50.0334,-66.8654,19.0,35,20,14.97
134,Jawhar,SO,2021-03-19 16:46:24,2.7809,45.5005,79.9,75,50,14.88
135,Chuy,UY,2021-03-19 16:46:24,-33.6971,-53.4616,71.6,54,0,7.05
136,Yellowknife,CA,2021-03-19 16:41:32,62.456,-114.3525,24.01,73,75,10.36
137,Bolshoye Nagatkino,RU,2021-03-19 16:46:25,54.5196,47.9679,30.2,80,90,13.42
138,Maumere,ID,2021-03-19 16:43:12,-8.6199,122.2111,80.19,83,82,7.02
139,Mena,UA,2021-03-19 16:46:25,51.5217,32.2157,30.49,90,97,4.63
140,Sept-Iles,CA,2021-03-19 16:46:26,50.2001,-66.3821,19.0,35,20,14.97
141,Saldanha,ZA,2021-03-19 16:46:26,-33.0117,17.9442,69.8,56,34,18.41
142,Dunedin,NZ,2021-03-19 16:46:26,-45.8742,170.5036,54.0,80,92,1.99
143,Cabo San Lucas,MX,2021-03-19 16:42:16,22.8909,-109.9124,75.99,68,1,2.48
144,Souillac,MU,2021-03-19 16:46:27,-20.5167,57.5167,78.8,78,40,6.91
145,Bethel,US,2021-03-19 16:46:27,41.3712,-73.414,35.6,32,1,16.11
146,Tuatapere,NZ,2021-03-19 16:46:28,-46.1333,167.6833,54.0,83,93,4.0
147,Tadine,NC,2021-03-19 16:46:28,-21.55,167.8833,75.09,79,100,17.18
148,Bratsk,RU,2021-03-19 16:46:28,56.1325,101.6142,15.01,73,76,6.71
149,Rondonopolis,BR,2021-03-19 16:46:29,-16.4708,-54.6356,81.19,81,92,6.91
150,Codrington,AU,2021-03-19 16:46:29,-38.2667,141.9667,57.49,93,0,7.76
151,Hobart,AU,2021-03-19 16:46:29,-42.8794,147.3294,55.99,87,75,5.75
152,Burnie,AU,2021-03-19 16:46:30,-41.0667,145.9167,57.99,72,32,8.99
153,Toora-Khem,RU,2021-03-19 16:46:30,52.4675,96.11,7.81,90,13,1.52
154,Nikolskoye,RU,2021-03-19 16:46:31,59.7035,30.7861,21.99,58,40,4.47
155,Donauworth,DE,2021-03-19 16:45:44,48.7,10.8,36.0,77,100,1.01
156,Vaini,TO,2021-03-19 16:46:31,-21.2,-175.2,75.2,94,20,2.3
157,Tasiilaq,GL,2021-03-19 16:46:31,65.6145,-37.6368,30.2,74,1,10.36
158,Alyangula,AU,2021-03-19 16:46:32,-13.8483,136.4192,81.75,79,83,10.38
159,Dingle,PH,2021-03-19 16:46:32,10.9995,122.6711,77.16,83,23,5.75
160,Kyaikto,MM,2021-03-19 16:46:33,17.3,97.0167,76.82,65,0,3.51
161,Isangel,VU,2021-03-19 16:46:33,-19.55,169.2667,75.76,83,79,11.43
162,Rock Hill,US,2021-03-19 16:46:33,34.9249,-81.0251,52.0,58,90,8.05
163,Hasaki,JP,2021-03-19 16:46:34,35.7333,140.8333,44.6,87,20,8.05
164,Yola,NG,2021-03-19 16:46:34,9.2,12.4833,99.99,22,75,2.8
165,Ilulissat,GL,2021-03-19 16:46:34,69.2167,-51.1,21.2,53,75,17.27
166,Sulecin,PL,2021-03-19 16:46:35,52.4443,15.1168,34.0,45,72,5.01
167,Kautokeino,NO,2021-03-19 16:46:35,69.0125,23.0412,19.35,87,82,17.65
168,Lingao,CN,2021-03-19 16:46:35,19.9103,109.6859,74.88,81,14,13.62
169,Saskylakh,RU,2021-03-19 16:46:36,71.9167,114.0833,-32.12,97,0,4.72
170,Cedar City,US,2021-03-19 16:41:42,37.6775,-113.0619,54.0,35,1,3.44
171,Mitu,CO,2021-03-19 16:46:36,1.1983,-70.1733,87.12,62,79,2.53
172,Namibe,AO,2021-03-19 16:46:37,-15.1961,12.1522,74.26,75,60,12.21
173,North Bend,US,2021-03-19 16:46:37,43.4065,-124.2243,46.99,87,90,4.61
174,Paoua,CF,2021-03-19 16:46:37,7.2427,16.4406,81.52,51,98,2.46
175,Saraland,US,2021-03-19 16:46:37,30.8207,-88.0706,57.0,62,0,3.0
176,Tuktoyaktuk,CA,2021-03-19 16:46:38,69.4541,-133.0374,-18.4,76,40,10.36
177,Abu Samrah,SY,2021-03-19 16:46:38,35.3029,37.1841,53.37,60,0,6.49
178,Inhambane,MZ,2021-03-19 16:46:38,-23.865,35.3833,77.97,77,10,6.38
179,Ponta Do Sol,PT,2021-03-19 16:46:39,32.6667,-17.1,64.99,52,20,13.8
180,Slave Lake,CA,2021-03-19 16:46:39,55.2834,-114.769,33.8,80,90,2.3
181,Big Rapids,US,2021-03-19 16:46:40,43.6981,-85.4837,42.01,30,1,5.75
182,Jacmel,HT,2021-03-19 16:46:14,18.2342,-72.5347,87.8,45,20,9.22
183,Vardo,NO,2021-03-19 16:46:40,70.3705,31.1107,23.0,93,75,39.12
184,Deputatskiy,RU,2021-03-19 16:46:40,69.3,139.9,-11.18,96,99,3.44
185,Giresun,TR,2021-03-19 16:44:32,40.5,38.5,50.0,71,75,8.05
186,Sola,VU,2021-03-19 16:46:41,-13.8833,167.55,82.09,75,93,12.08
187,Nalut,LY,2021-03-19 16:46:41,30.3333,10.85,70.12,22,0,14.25
188,Tazovskiy,RU,2021-03-19 16:46:41,67.4667,78.7,-24.7,86,0,8.14
189,Iqaluit,CA,2021-03-19 16:46:42,63.7506,-68.5145,-14.01,64,20,25.32
190,Muros,ES,2021-03-19 16:46:42,42.7762,-9.0603,57.99,71,55,10.0
191,Nabire,ID,2021-03-19 16:46:13,-3.3667,135.4833,76.39,91,100,2.46
192,Alice Springs,AU,2021-03-19 16:46:43,-23.7,133.8833,69.8,64,98,5.75
193,Dhidhdhoo,MV,2021-03-19 16:46:43,6.8833,73.1,83.26,67,36,4.54
194,Dwarka,IN,2021-03-19 16:46:43,22.2394,68.9678,75.88,82,0,11.48
195,Tsiroanomandidy,MG,2021-03-19 16:46:44,-18.7667,46.0333,71.11,91,100,0.87
196,Salalah,OM,2021-03-19 16:46:44,17.0151,54.0924,80.6,69,0,2.3
197,Ipixuna,BR,2021-03-19 16:46:45,-1.7625,-48.8043,80.6,78,75,8.05
198,Haimen,CN,2021-03-19 16:46:45,23.1935,116.6142,68.0,88,40,2.24
199,Provideniya,RU,2021-03-19 16:46:45,64.3833,-173.3,-11.27,96,36,13.51
200,Kamarion,GR,2021-03-19 16:46:46,36.8,25.8167,60.01,51,87,8.01
201,Ileza,RU,2021-03-19 16:46:46,61.0533,43.9002,18.63,93,100,5.79
202,Hun,LY,2021-03-19 16:46:46,29.1268,15.9477,81.79,13,0,9.82
203,Inca,ES,2021-03-19 16:46:47,39.7211,2.9109,46.4,81,75,3.44
204,Portland,US,2021-03-19 16:43:05,45.5234,-122.6762,50.0,57,75,9.22
205,Bilma,NE,2021-03-19 16:46:47,18.6853,12.9164,89.94,11,85,0.96
206,Tura,IN,2021-03-19 16:46:47,25.5198,90.2201,74.55,23,41,3.15
207,Batagay,RU,2021-03-19 16:46:48,67.6333,134.6333,3.04,83,95,5.48
208,La Ronge,CA,2021-03-19 16:46:48,55.1001,-105.2842,37.4,69,60,8.05
209,Pevek,RU,2021-03-19 16:46:48,69.7008,170.3133,-20.78,88,98,1.41
210,Makokou,GA,2021-03-19 16:46:49,0.5738,12.8642,73.29,96,99,3.94
211,Den Helder,NL,2021-03-19 16:46:49,52.9599,4.7593,44.01,81,75,13.8
212,Batouri,CM,2021-03-19 16:46:50,4.4333,14.3667,83.05,53,27,6.69
213,Quatre Cocos,MU,2021-03-19 16:46:50,-20.2078,57.7625,78.8,78,40,6.91
214,Otjiwarongo,NA,2021-03-19 16:46:50,-20.4637,16.6477,70.75,69,51,8.23
215,Constitucion,CL,2021-03-19 16:46:51,-35.3333,-72.4167,62.69,53,61,7.47
216,Limpapa,PH,2021-03-19 16:46:51,7.1197,121.9106,77.83,79,33,6.2
217,Geraldton,AU,2021-03-19 16:46:51,-28.7667,114.6,66.2,55,0,5.75
218,Bikaner,IN,2021-03-19 16:45:08,28.0167,73.3,75.11,21,6,3.53
219,Los Llanos De Aridane,ES,2021-03-19 16:46:52,28.6585,-17.9182,68.0,64,20,13.8
220,Hirara,JP,2021-03-19 16:46:52,24.8,125.2833,71.67,85,0,12.08
221,Warri,NG,2021-03-19 16:46:52,5.5167,5.75,80.47,76,100,6.24
222,Namatanai,PG,2021-03-19 16:46:53,-3.6667,152.4333,79.86,78,10,6.35
223,Cockburn Town,TC,2021-03-19 16:46:53,21.4612,-71.1419,80.6,57,20,11.5
224,Talcahuano,CL,2021-03-19 16:46:54,-36.7167,-73.1167,66.2,63,40,10.36
225,Serta,PT,2021-03-19 16:42:07,39.8085,-8.0988,68.0,39,29,1.01
226,Nishihara,JP,2021-03-19 16:46:54,26.1842,127.7558,71.6,83,40,5.75
227,Fairbanks,US,2021-03-19 16:45:28,64.8378,-147.7164,1.0,84,90,2.19
228,Zambezi,ZM,2021-03-19 16:46:55,-13.5432,23.1047,69.98,86,82,4.03
229,Prince George,CA,2021-03-19 16:46:55,53.9166,-122.753,35.6,87,90,11.5
230,High Level,CA,2021-03-19 16:46:55,58.5169,-117.136,32.0,80,90,2.3
231,Sobolevo,RU,2021-03-19 16:46:56,54.4299,31.8996,28.72,93,99,4.99
232,Butembo,CD,2021-03-19 16:46:56,0.15,29.2833,61.05,89,76,2.71
233,Santiago Del Estero,AR,2021-03-19 16:44:24,-27.7951,-64.2615,70.03,59,97,1.97
234,Shimoda,JP,2021-03-19 16:46:57,34.6667,138.95,54.0,92,66,7.23
235,Marystown,CA,2021-03-19 16:46:57,47.1666,-55.1483,42.87,93,100,29.93
236,Kumluca,TR,2021-03-19 16:46:57,36.3703,30.2869,55.63,80,41,7.54
237,Biak,ID,2021-03-19 16:46:58,-0.9131,122.8766,77.81,76,91,2.57
238,Kothi,IN,2021-03-19 16:46:58,24.75,80.7833,78.01,39,96,8.23
239,Uvira,CD,2021-03-19 16:46:58,-3.4067,29.1458,75.9,80,43,4.99
240,Atuona,PF,2021-03-19 16:46:59,-9.8,-139.0333,80.1,77,48,13.49
241,Gogrial,SS,2021-03-19 16:46:59,8.5332,28.1004,90.48,33,86,4.18
242,Turbat,PK,2021-03-19 16:47:00,26.0023,63.044,71.89,45,0,1.21
243,Bertoua,CM,2021-03-19 16:47:00,4.5833,13.6833,81.63,58,62,2.19
244,Ribeira Grande,PT,2021-03-19 16:47:00,38.5167,-28.7,62.6,82,75,17.27
245,Nouadhibou,MR,2021-03-19 16:47:01,20.931,-17.0347,71.6,60,0,19.57
246,Kuloy,RU,2021-03-19 16:47:01,61.0305,42.4925,17.91,93,100,6.4
247,Donghai,CN,2021-03-19 16:47:01,22.9459,115.642,75.99,85,5,1.48
248,Hella,NO,2021-03-19 16:47:02,67.2,14.4333,39.2,87,90,27.63
249,Mae Hong Son,TH,2021-03-19 16:47:02,19.3003,97.9685,77.97,41,1,1.39
250,Wattegama,LK,2021-03-19 16:47:03,6.7989,81.4808,75.2,100,40,2.51
251,Varnamo,SE,2021-03-19 16:47:03,57.186,14.04,33.01,37,0,5.01
252,Karratha,AU,2021-03-19 16:47:03,-20.7377,116.8463,78.64,60,1,19.24
253,Maldonado,UY,2021-03-19 16:47:04,-34.6667,-54.9167,71.01,56,0,4.61
254,Saint-Joseph,RE,2021-03-19 16:47:04,-21.3667,55.6167,77.0,83,75,18.41
255,San Vicente,AR,2021-03-19 16:47:04,-26.6167,-54.1333,89.87,32,18,4.81
256,Kholodnyy,RU,2021-03-19 16:47:05,62.7167,147.95,-21.69,95,0,2.26
257,Port Hedland,AU,2021-03-19 16:47:05,-20.3167,118.5667,73.4,60,35,13.8
258,Mitsamiouli,KM,2021-03-19 16:47:06,-11.3847,43.2844,83.43,73,82,3.36
259,Vestmannaeyjar,IS,2021-03-19 16:47:06,63.4427,-20.2734,46.4,93,90,21.85
260,Lata,PT,2021-03-19 16:47:06,40.1629,-8.3327,61.0,58,0,19.57
261,Anadyr,RU,2021-03-19 16:47:07,64.75,177.4833,-20.0,69,0,8.95
262,Darhan,MN,2021-03-19 16:47:07,49.4867,105.9228,11.03,81,41,1.54
263,Narsaq,GL,2021-03-19 16:47:07,60.9167,-46.05,30.2,40,75,5.75
264,Magdalena,PH,2021-03-19 16:47:08,14.1999,121.429,82.0,77,48,4.0
265,Hami,CN,2021-03-19 16:47:08,42.8,93.45,34.63,20,0,11.88
266,Torbay,CA,2021-03-19 16:43:14,47.6666,-52.7314,43.0,87,90,33.38
267,Lieksa,FI,2021-03-19 16:47:09,63.3167,30.0167,9.81,90,76,2.21
268,Winnemucca,US,2021-03-19 16:47:09,40.973,-117.7357,48.2,61,75,5.75
269,Bredasdorp,ZA,2021-03-19 16:47:09,-34.5322,20.0403,68.0,60,100,8.05
270,Bambous Virieux,MU,2021-03-19 16:47:10,-20.3428,57.7575,78.8,78,40,6.91
271,Hamilton,US,2021-03-19 16:46:54,39.1834,-84.5333,46.0,36,1,18.41
272,Honningsvag,NO,2021-03-19 16:47:10,70.9821,25.9704,32.0,93,90,27.63
273,Varhaug,NO,2021-03-19 16:47:11,58.6147,5.6457,39.0,79,61,3.0
274,Sahuaripa,MX,2021-03-19 16:47:11,29.05,-109.2333,76.91,12,0,2.98
275,Puerto Colombia,CO,2021-03-19 16:47:11,10.9878,-74.9547,89.6,55,40,5.75
276,Terbuny,RU,2021-03-19 16:47:12,52.1389,38.2789,28.62,92,100,4.61
277,Zhezkazgan,KZ,2021-03-19 16:47:12,47.8043,67.7144,31.53,74,100,14.36
278,Daru,PG,2021-03-19 16:47:12,-9.0763,143.2092,78.35,85,85,6.55
279,Sicuani,PE,2021-03-19 16:47:13,-14.2694,-71.2261,57.61,55,93,4.79
280,Pandan,PH,2021-03-19 16:47:13,14.0453,124.1694,79.43,84,62,5.46
281,Jobner,IN,2021-03-19 16:47:14,26.9667,75.3833,77.0,38,75,8.05
282,Aktash,RU,2021-03-19 16:47:14,50.3,87.7333,-3.46,71,0,5.21
283,Huarmey,PE,2021-03-19 16:47:15,-10.0681,-78.1522,77.72,64,45,11.79
284,Sorland,NO,2021-03-19 16:47:15,67.667,12.6934,42.8,70,75,17.27
285,Lompoc,US,2021-03-19 16:46:02,34.6391,-120.4579,57.0,76,20,5.75
286,Haines Junction,CA,2021-03-19 16:47:16,60.7522,-137.5108,10.4,56,100,14.97
287,Atarra,IN,2021-03-19 16:47:16,25.2833,80.5667,82.74,30,100,6.24
288,Sao Filipe,CV,2021-03-19 16:47:16,14.8961,-24.4956,74.25,68,0,10.67
289,Arkadelphia,US,2021-03-19 16:47:17,34.1209,-93.0538,54.0,54,75,10.36
290,Praia,CV,2021-03-19 16:47:17,14.9215,-23.5087,78.8,53,0,19.57
291,Smithers,CA,2021-03-19 16:47:17,54.7804,-127.1743,28.4,93,20,2.3
292,Acapulco,MX,2021-03-19 16:47:18,16.8634,-99.8901,82.4,65,1,8.05
293,Champerico,GT,2021-03-19 16:47:18,14.3,-91.9167,84.2,65,0,7.94
294,Sorong,ID,2021-03-19 16:47:18,-0.8833,131.25,79.77,82,73,3.94
295,Esso,RU,2021-03-19 16:47:19,55.9333,158.7,15.51,96,100,1.97
296,Alofi,NU,2021-03-19 16:47:19,-19.0595,-169.9187,75.2,100,100,4.61
297,Atasu,KZ,2021-03-19 16:47:19,48.6814,71.6433,30.16,58,90,15.43
298,Stuttgart,DE,2021-03-19 16:47:14,48.7823,9.177,39.0,75,40,9.22
299,Norrtalje,SE,2021-03-19 16:47:20,59.758,18.705,30.2,47,0,8.05
300,Goderich,CA,2021-03-19 16:47:20,43.7501,-81.7165,33.8,34,0,8.05
301,Khalkhal,IR,2021-03-19 16:47:21,37.6189,48.5258,37.78,59,44,13.82
302,Pelym,RU,2021-03-19 16:47:21,61.0108,61.9978,21.6,97,91,4.9
303,Mindelo,CV,2021-03-19 16:47:21,16.8901,-24.9804,77.0,57,40,27.63
304,Harper,LR,2021-03-19 16:47:21,4.375,-7.7169,82.69,73,3,9.53
305,Esperance,AU,2021-03-19 16:47:22,-33.8667,121.9,62.6,88,0,12.66
306,Bathsheba,BB,2021-03-19 16:47:22,13.2167,-59.5167,84.2,54,40,17.27
307,Huambo,AO,2021-03-19 16:47:23,-12.7761,15.7392,64.89,90,100,3.2
308,Toyooka,JP,2021-03-19 16:47:23,35.5333,134.8333,40.48,85,1,2.37
309,Asau,RO,2021-03-19 16:47:23,46.4333,26.4,33.01,68,100,2.95
310,Dicabisagan,PH,2021-03-19 16:47:23,17.0818,122.4157,76.05,90,82,4.61
311,Sampit,ID,2021-03-19 16:47:24,-2.5333,112.95,75.7,91,45,2.53
312,Shelburne,CA,2021-03-19 16:46:19,44.0787,-80.2041,37.0,37,0,8.61
313,Saint-Augustin,CA,2021-03-19 16:47:24,51.226,-58.6502,22.23,83,71,13.06
314,Kodiak,US,2021-03-19 16:47:25,57.79,-152.4072,14.0,57,1,6.91
315,Qasigiannguit,GL,2021-03-19 16:47:25,68.8193,-51.1922,21.2,53,75,17.27
316,Yumen,CN,2021-03-19 16:47:25,40.2833,97.2,29.84,24,48,5.91
317,Yulara,AU,2021-03-19 16:47:26,-25.2406,130.9889,75.2,35,100,6.91
318,Camocim,BR,2021-03-19 16:47:26,-2.9022,-40.8411,82.99,78,80,8.41
319,Tabas,IR,2021-03-19 16:47:26,33.5959,56.9244,75.47,18,21,7.74
320,Caranavi,BO,2021-03-19 16:47:11,-15.8167,-67.55,66.99,90,99,2.24
321,Khartoum,SD,2021-03-19 16:47:27,15.5518,32.5324,98.01,13,25,1.99
322,Rio Gallegos,AR,2021-03-19 16:47:27,-51.6226,-69.2181,51.8,76,90,5.75
323,Port Hawkesbury,CA,2021-03-19 16:47:27,45.6169,-61.3485,21.2,79,90,12.66
324,Bonavista,CA,2021-03-19 16:47:28,48.6499,-53.1147,43.0,93,100,14.97
325,Mount Gambier,AU,2021-03-19 16:43:11,-37.8333,140.7667,60.8,88,0,11.5
326,Matadi,CD,2021-03-19 16:47:28,-5.8167,13.45,83.52,78,69,3.6
327,Lermontovka,RU,2021-03-19 16:47:28,47.1453,134.3383,23.76,91,0,3.11
328,Vestmanna,FO,2021-03-19 16:47:29,62.1564,-7.1664,44.6,100,75,14.97
329,Chapais,CA,2021-03-19 16:47:29,49.7834,-74.8492,14.0,52,20,10.36
330,Nurota,UZ,2021-03-19 16:47:30,40.5614,65.6886,57.2,82,90,11.5
331,Ambon,ID,2021-03-19 16:47:30,-3.6954,128.1814,81.72,76,82,3.89
332,Changping,CN,2021-03-19 16:47:30,40.2186,116.2197,39.2,93,90,2.24
333,Glasgow,GB,2021-03-19 16:45:11,55.8652,-4.2576,60.8,55,95,2.3
334,Lebowakgomo,ZA,2021-03-19 16:47:31,-24.2,29.5,75.2,43,0,6.91
335,Fort Nelson,CA,2021-03-19 16:43:09,58.8053,-122.7002,30.2,59,75,6.91
336,Kadoma,JP,2021-03-19 16:47:31,34.7333,135.5833,50.0,47,34,5.97
337,Liberia,LR,2021-03-19 16:47:32,6.5,-9.5,79.65,82,44,7.47
338,Tooele,US,2021-03-19 16:47:32,40.5308,-112.2983,60.8,33,1,23.02
339,Kidal,ML,2021-03-19 16:47:32,18.4411,1.4078,93.49,7,9,14.43
340,Creel,MX,2021-03-19 16:47:33,27.75,-107.6333,62.26,11,0,6.29
341,Ahuimanu,US,2021-03-19 16:47:33,21.4447,-157.8378,69.8,68,75,12.66
342,Ngunguru,NZ,2021-03-19 16:47:33,-35.6167,174.5,57.99,85,91,3.0
343,Vangaindrano,MG,2021-03-19 16:47:34,-23.35,47.6,75.87,87,100,4.88
344,Wuwei,CN,2021-03-19 16:47:34,37.9281,102.6414,31.78,61,58,4.61
345,Ust-Ishim,RU,2021-03-19 16:47:34,57.6935,71.1665,25.25,89,100,6.69
346,Vung Tau,VN,2021-03-19 16:47:35,10.346,107.0843,79.74,85,97,16.58
347,Paita,PE,2021-03-19 16:47:35,-5.0892,-81.1144,87.8,51,0,18.41
348,Nuuk,GL,2021-03-19 16:44:29,64.1835,-51.7216,30.2,51,90,8.05
349,Pangody,RU,2021-03-19 16:47:36,65.85,74.4859,-17.23,97,4,10.02
350,Tigil,RU,2021-03-19 16:47:36,57.8,158.6667,11.28,95,100,7.4
351,Kaeo,NZ,2021-03-19 16:47:36,-35.1,173.7833,57.99,85,23,3.0
352,Novotroitskaya,RU,2021-03-19 16:47:37,45.3267,41.5253,39.2,81,75,24.61
353,Nazas,MX,2021-03-19 16:46:11,25.2333,-104.1333,66.47,27,0,5.86
354,Nurobod,UZ,2021-03-19 16:47:37,40.9056,69.8023,64.4,42,75,6.91
355,Breves,BR,2021-03-19 16:47:37,-1.6822,-50.4803,77.22,85,96,2.89
356,Ailigandi,PA,2021-03-19 16:47:38,9.2333,-78.0167,81.28,78,98,10.83
357,Porto Novo,BJ,2021-03-19 16:47:38,6.4965,2.6036,86.0,70,20,8.05
358,Nhulunbuy,AU,2021-03-19 16:47:38,-12.2333,136.7667,77.0,94,90,3.94
359,Saint Anthony,US,2021-03-19 16:47:39,45.0205,-93.218,48.0,26,1,13.8
360,Rio Grande,BR,2021-03-19 16:47:39,-32.035,-52.0986,75.2,60,75,8.05
361,Sal Rei,CV,2021-03-19 16:47:39,16.1833,-22.9167,73.4,68,20,21.85
362,Padang,ID,2021-03-19 16:47:40,-0.9492,100.3543,77.0,94,75,4.61
363,Mugur-Aksy,RU,2021-03-19 16:47:40,50.35,90.5,0.3,58,0,4.76
364,Wilkie,CA,2021-03-19 16:47:41,52.4168,-108.7014,46.4,53,1,8.05
365,Ostrovnoy,RU,2021-03-19 16:47:41,68.0531,39.5131,11.14,89,59,20.98
366,Chipata,ZM,2021-03-19 16:44:14,-13.6333,32.65,66.96,96,92,4.16
367,Oktyabrskiy,RU,2021-03-19 16:47:42,54.4815,53.471,29.77,96,100,13.33
368,Kingsville,US,2021-03-19 16:47:42,27.5159,-97.8561,68.0,34,1,14.97
369,North Battleford,CA,2021-03-19 16:47:43,52.7834,-108.2847,46.4,53,1,8.05
370,Beaupre,CA,2021-03-19 16:47:43,47.0443,-70.8953,25.0,38,0,5.75
371,Mulgund,IN,2021-03-19 16:47:43,15.25,75.5333,80.1,40,30,6.04
372,Verkhoyansk,RU,2021-03-19 16:47:43,67.5447,133.385,3.63,81,100,9.53
373,Batemans Bay,AU,2021-03-19 16:47:44,-35.7167,150.1833,69.01,81,100,5.01
374,Hofn,IS,2021-03-19 16:47:44,64.2539,-15.2082,46.4,93,90,17.27
375,Sovetskiy,RU,2021-03-19 16:47:45,61.3614,63.5842,20.21,97,87,3.29
376,Robore,BO,2021-03-19 16:47:45,-18.3333,-59.75,82.4,78,75,5.41
377,Bilibino,RU,2021-03-19 16:47:45,68.0546,166.4372,-20.96,68,84,1.03
378,Agua Dulce,MX,2021-03-19 16:47:46,18.1333,-94.1333,77.0,69,90,19.57
379,Omsukchan,RU,2021-03-19 16:47:46,62.5333,155.8,-23.46,99,99,4.25
380,Smolensk,RU,2021-03-19 16:47:46,55.0,33.0,26.8,85,63,5.61
381,Avera,US,2021-03-19 16:47:47,33.194,-82.5271,64.0,51,1,9.22
382,Lahaina,US,2021-03-19 16:47:47,20.8783,-156.6825,68.0,68,1,11.5
383,Kahului,US,2021-03-19 16:47:48,20.8947,-156.47,68.0,68,1,11.5
384,Elliot Lake,CA,2021-03-19 16:47:48,46.3834,-82.6331,33.8,32,1,6.91
385,Sur,OM,2021-03-19 16:47:49,22.5667,59.5289,80.06,40,0,6.4
386,Touros,BR,2021-03-19 16:47:49,-5.1989,-35.4608,86.0,58,40,14.97
387,Junnar,IN,2021-03-19 16:47:49,19.2,73.8833,73.56,29,0,6.35
388,Nikel,RU,2021-03-19 16:47:50,69.4128,30.222,21.2,73,75,20.71
389,Acajutla,SV,2021-03-19 16:47:50,13.5928,-89.8275,86.0,42,0,2.3
390,Yinchuan,CN,2021-03-19 16:47:50,38.4681,106.2731,37.09,13,60,4.18
391,Bandiagara,ML,2021-03-19 16:47:51,14.3501,-3.6104,99.88,7,30,3.29
392,Cerritos,US,2021-03-19 16:47:04,33.8583,-118.0648,63.0,62,1,3.44
393,Flinders,AU,2021-03-19 16:47:51,-34.5833,150.8552,69.01,88,100,4.0
394,Havre,FR,2021-03-19 16:47:51,49.5833,0.3333,45.0,70,0,19.57
395,Zhigansk,RU,2021-03-19 16:47:52,66.7697,123.3711,-18.87,90,94,8.12
396,Solok,ID,2021-03-19 16:47:52,-0.7918,100.6593,77.0,94,75,4.61
397,Perelyub,RU,2021-03-19 16:47:52,51.8667,50.3667,29.73,94,100,19.55
398,Vao,NC,2021-03-19 16:47:53,-22.6667,167.4833,76.41,77,100,22.24
399,Payson,US,2021-03-19 16:47:53,40.0444,-111.7321,57.0,37,1,13.8
400,Kampene,CD,2021-03-19 16:47:54,-3.6,26.6667,71.87,95,97,2.19
401,Wairoa,NZ,2021-03-19 16:47:54,-39.0333,177.3667,54.0,95,94,1.99
402,Margate,GB,2021-03-19 16:47:54,51.3813,1.3862,44.01,70,0,8.01
403,Liverpool,GB,2021-03-19 16:44:07,53.4106,-2.9779,55.4,67,90,9.22
404,Hay River,CA,2021-03-19 16:47:55,60.8156,-115.7999,19.4,79,75,10.36
405,Kavieng,PG,2021-03-19 16:47:55,-2.5744,150.7967,82.33,76,4,11.32
406,Persianovskiy,RU,2021-03-19 16:47:56,47.5137,40.1075,39.99,87,75,6.71
407,Luwuk,ID,2021-03-19 16:47:56,-0.9516,122.7875,78.94,76,94,2.71
408,Baillif,GP,2021-03-19 16:47:57,16.0202,-61.7463,84.2,54,75,14.97
409,Ko Samui,TH,2021-03-19 16:47:57,9.5357,99.9357,81.84,73,100,10.09
410,Faya,SA,2021-03-19 16:47:57,18.3851,42.4509,68.0,77,0,5.75
411,Baruun-Urt,MN,2021-03-19 16:47:58,46.6806,113.2792,21.7,90,100,18.34
412,Anloga,GH,2021-03-19 16:47:58,5.7947,0.8973,86.0,70,20,6.91
413,Chifeng,CN,2021-03-19 16:47:58,42.2683,118.9636,34.41,91,100,6.71
414,Mezhgorye,UA,2021-03-19 16:47:59,44.9667,34.4167,35.55,84,88,5.23
415,Zemio,CF,2021-03-19 16:47:59,5.0314,25.1361,76.64,63,77,3.58
416,Surt,LY,2021-03-19 16:48:00,31.2089,16.5887,67.01,62,11,20.92
417,Bima,ID,2021-03-19 16:48:00,-8.4667,118.7167,76.86,91,91,0.98
418,Verkhnyaya Toyma,RU,2021-03-19 16:48:02,62.2349,44.9985,16.74,94,100,4.34
419,Mvuma,ZW,2021-03-19 16:48:02,-19.2792,30.5283,68.52,54,29,10.65
420,Tessalit,ML,2021-03-19 16:48:02,20.1986,1.0114,89.24,6,0,9.22
421,Henties Bay,NA,2021-03-19 16:48:03,-22.116,14.2845,66.0,83,2,8.01
422,Warwick,US,2021-03-19 16:48:03,41.7001,-71.4162,37.99,30,40,24.16
423,Gedo,ET,2021-03-19 16:48:04,9.0167,37.45,60.85,53,70,2.01
424,Vengerovo,RU,2021-03-19 16:48:04,55.6848,76.7471,23.63,82,100,15.82
425,Veraval,IN,2021-03-19 16:48:04,20.9,70.3667,74.44,85,0,11.16
426,Sarangarh,IN,2021-03-19 16:48:05,21.6,83.0833,81.64,41,71,6.82
427,Prince Rupert,CA,2021-03-19 16:44:30,54.3161,-130.3201,41.0,93,90,8.05
428,Seymchan,RU,2021-03-19 16:48:05,62.8833,152.4333,-25.1,99,32,1.16
429,Shahganj,IN,2021-03-19 16:48:06,26.05,82.6833,80.6,50,40,2.3
430,Ngerengere,TZ,2021-03-19 16:48:06,-6.75,38.1167,82.4,74,20,3.69
431,Grindavik,IS,2021-03-19 16:48:07,63.8424,-22.4338,44.6,87,75,26.46
432,Jizan,SA,2021-03-19 16:48:07,17.3333,42.6667,84.2,79,20,6.91
433,Amzya,RU,2021-03-19 16:48:08,56.2354,54.3868,30.11,94,100,9.89
434,Pimentel,PE,2021-03-19 16:48:08,-6.8367,-79.9342,82.4,54,0,8.05
435,Kinshasa,CD,2021-03-19 16:45:58,-4.3246,15.3215,80.6,78,20,5.75
436,Port Blair,IN,2021-03-19 16:48:09,11.6667,92.75,79.92,69,0,3.67
437,Boueni,YT,2021-03-19 16:48:09,-12.9025,45.0761,82.4,83,35,3.44
438,Mezen,RU,2021-03-19 16:48:09,65.8522,44.24,-2.25,95,33,3.22
439,Sijunjung,ID,2021-03-19 16:48:09,-0.6876,100.9537,73.54,96,100,1.52
440,Panzhihua,CN,2021-03-19 16:48:10,26.5851,101.7128,61.0,39,98,0.4
441,Samarai,PG,2021-03-19 16:48:10,-10.6167,150.6667,81.95,77,5,6.44
442,Coquimbo,CL,2021-03-19 16:45:24,-29.9533,-71.3436,66.2,55,75,10.36
443,Oksbol,DK,2021-03-19 16:48:11,55.6268,8.2876,42.01,52,75,8.05
444,Aykhal,RU,2021-03-19 16:48:11,66.0,111.5,-14.62,96,90,8.37
445,Sipoo,FI,2021-03-19 16:48:12,60.3775,25.2691,25.0,46,0,5.75
446,Acarau,BR,2021-03-19 16:48:12,-2.8856,-40.12,85.28,68,65,13.58
447,Barra Dos Coqueiros,BR,2021-03-19 16:48:13,-10.9089,-37.0386,84.2,65,40,13.8
448,Basco,PH,2021-03-19 16:48:13,20.4487,121.9702,76.19,85,65,14.65
449,Evensk,RU,2021-03-19 16:48:14,61.95,159.2333,0.72,81,100,11.01
450,Mahon,ES,2021-03-19 16:43:28,39.8885,4.2658,46.4,66,20,13.8
451,Cap Malheureux,MU,2021-03-19 16:48:14,-19.9842,57.6142,77.0,83,1,3.0
452,Adana,TR,2021-03-19 16:48:15,36.985,35.2881,57.2,72,40,2.3
453,Kharp,RU,2021-03-19 16:48:15,66.8014,65.8081,-16.17,97,78,1.48
454,Ushtobe,KZ,2021-03-19 16:48:16,45.2514,77.9838,33.17,69,0,8.72
455,Sainte-Martine,CA,2021-03-19 16:48:16,45.2501,-73.7992,21.99,49,0,8.05
456,Magadan,RU,2021-03-19 16:48:16,59.5667,150.8,-6.77,68,0,6.49
457,Benjamin Aceval,PY,2021-03-19 16:48:17,-24.9667,-57.5667,86.0,54,0,3.44
458,Wahiawa,US,2021-03-19 16:48:17,21.5028,-158.0236,70.0,82,1,4.61
459,Comodoro Rivadavia,AR,2021-03-19 16:48:17,-45.8667,-67.5,73.4,25,0,14.97
460,Adrar,MR,2021-03-19 16:48:18,20.5022,-10.0711,90.7,8,0,9.55
461,Gamba,GA,2021-03-19 16:48:18,-2.65,10.0,77.09,82,98,0.47
462,Gwadar,PK,2021-03-19 16:48:18,25.1216,62.3254,75.29,79,7,4.63
463,Hilton Head Island,US,2021-03-19 16:48:19,32.2163,-80.7526,63.0,51,1,14.97
464,Saint-Pierre,RE,2021-03-19 16:48:19,-21.3393,55.4781,77.0,83,75,18.41
465,Atambua,ID,2021-03-19 16:48:19,-9.1061,124.8925,73.17,86,38,1.66
466,Port Hardy,CA,2021-03-19 16:45:07,50.6996,-127.4199,46.4,87,75,6.91
467,Karaidel,RU,2021-03-19 16:48:20,55.8337,56.9069,29.43,97,100,5.91
468,Moerai,PF,2021-03-19 16:48:20,-22.4333,-151.3333,79.21,72,13,11.36
469,Brae,GB,2021-03-19 16:48:20,60.3964,-1.353,46.4,87,75,12.66
470,Krasnoselkup,RU,2021-03-19 16:48:21,65.7,82.4667,-13.13,96,13,10.89
471,Payo,ID,2021-03-19 16:48:21,-3.7508,103.6372,73.06,97,93,1.63
472,Alta Floresta,BR,2021-03-19 16:48:22,-9.8756,-56.0861,75.81,93,100,2.3
473,Lekoni,GA,2021-03-19 16:48:22,-1.5843,14.2591,76.93,79,99,4.72
474,Kaka,TM,2021-03-19 16:48:23,37.3482,59.6143,58.21,58,35,3.42
475,Dukat,RU,2021-03-19 16:48:23,62.55,155.55,-25.58,99,96,4.25
476,Kysyl-Syr,RU,2021-03-19 16:48:24,63.8986,122.7617,13.62,96,100,5.48
477,Tomatlan,MX,2021-03-19 16:48:24,19.9333,-105.25,86.2,33,0,5.55
478,Half Moon Bay,US,2021-03-19 16:48:25,37.4636,-122.4286,57.0,93,90,5.08
479,Constantine,DZ,2021-03-19 16:48:25,36.365,6.6147,44.6,87,75,4.61
480,Hambantota,LK,2021-03-19 16:48:25,6.1241,81.1185,75.2,100,40,3.91
481,Beira,MZ,2021-03-19 16:48:26,-19.8436,34.8389,82.4,78,20,11.5
482,Rodrigues Alves,BR,2021-03-19 16:48:26,-7.738,-72.6509,78.8,89,75,5.75
483,Savannah Bight,HN,2021-03-19 16:48:27,16.45,-85.85,84.2,70,75,3.44
484,Shirvan,AZ,2021-03-19 16:48:27,39.9509,48.8994,52.11,69,18,12.12
485,Makakilo City,US,2021-03-19 16:48:27,21.3469,-158.0858,69.8,73,1,5.75
486,Vysokogornyy,RU,2021-03-19 16:48:28,50.1167,139.15,10.92,95,49,2.01
487,Raahe,FI,2021-03-19 16:48:28,64.6833,24.4833,23.0,58,0,6.91
488,Umm Lajj,SA,2021-03-19 16:48:28,25.0213,37.2685,74.71,54,0,11.3
489,Bougouni,ML,2021-03-19 16:48:29,11.417,-7.479,99.09,18,47,3.56
490,Yerbogachen,RU,2021-03-19 16:48:29,61.2767,108.0108,11.64,95,82,8.39
491,Calawag,PH,2021-03-19 16:48:29,10.6697,119.5707,78.93,88,33,4.36
492,Sabang,ID,2021-03-19 16:48:30,5.8933,95.3214,83.73,69,85,8.46
493,San Patricio,US,2021-03-19 16:48:30,28.017,-97.5169,64.4,39,1,16.11
494,Najran,SA,2021-03-19 16:48:31,17.4924,44.1277,84.2,13,0,9.22
495,Cleburne,US,2021-03-19 16:48:31,32.3476,-97.3867,54.0,54,1,11.5
496,Bambanglipuro,ID,2021-03-19 16:48:31,-7.95,110.2833,77.63,86,99,7.81
497,Sohagpur,IN,2021-03-19 16:48:32,22.7,78.2,71.29,69,81,3.98
498,Samoylovka,RU,2021-03-19 16:48:32,51.184,43.7081,27.52,92,100,9.78
499,Jiangkou,CN,2021-03-19 16:48:33,25.4872,119.1986,59.0,100,90,4.47
500,Kissidougou,GN,2021-03-19 16:48:33,9.1848,-10.0999,91.18,34,45,2.08
501,Havre De Grace,US,2021-03-19 16:47:56,39.5493,-76.0916,45.0,38,75,19.57
502,Humberto De Campos,BR,2021-03-19 16:48:33,-2.5983,-43.4611,83.07,78,92,5.03
503,Lilongwe,MW,2021-03-19 16:48:34,-13.9669,33.7873,71.06,84,95,5.86
504,Tarija,BO,2021-03-19 16:44:20,-21.5355,-64.7296,71.6,60,40,5.75
505,Gniezno,PL,2021-03-19 16:48:34,52.5348,17.5826,33.01,44,93,11.99
506,Sao Joao Da Barra,BR,2021-03-19 16:48:35,-21.6403,-41.0511,87.8,48,20,13.8
507,Aklavik,CA,2021-03-19 16:48:35,68.2191,-135.0107,-9.4,70,75,8.05
508,Ancud,CL,2021-03-19 16:48:35,-41.8697,-73.8203,57.99,67,75,3.44
509,Aswan,EG,2021-03-19 16:48:36,24.0934,32.907,81.01,11,0,10.45
510,Yar-Sale,RU,2021-03-19 16:48:36,66.8333,70.8333,-19.01,98,29,10.0
511,Goroka,PG,2021-03-19 16:48:36,-6.0834,145.3873,59.67,96,100,2.15
512,Alexandria,EG,2021-03-19 16:45:27,31.2156,29.9553,66.2,45,0,5.75
513,Milyutinskaya,RU,2021-03-19 16:48:37,48.6279,41.6679,34.45,75,100,7.11
514,Carutapera,BR,2021-03-19 16:48:37,-1.195,-46.02,82.13,78,69,3.87
515,Takoradi,GH,2021-03-19 16:48:38,4.8845,-1.7554,82.62,69,100,11.05
516,Roma,US,2021-03-19 16:48:38,43.2128,-75.4557,33.01,34,1,16.11
517,Naze,JP,2021-03-19 16:48:38,28.3667,129.4833,66.24,88,22,6.69
518,Biu,NG,2021-03-19 16:48:39,10.6129,12.1946,93.42,15,87,1.36
519,Tezu,IN,2021-03-19 16:48:39,27.9167,96.1667,77.49,22,28,4.09
520,Tepelene,AL,2021-03-19 16:48:39,40.2958,20.0192,43.0,76,100,3.04
521,Ypsonas,CY,2021-03-19 16:48:40,34.6884,32.9574,59.0,58,20,11.5
522,Dombas,NO,2021-03-19 16:48:40,62.0696,9.1235,32.92,95,81,3.56
523,Necochea,AR,2021-03-19 16:48:40,-38.5473,-58.7368,72.0,51,0,5.01
524,Trincomalee,LK,2021-03-19 16:48:41,8.5711,81.2335,77.88,80,100,2.77
525,Praia Da Vitoria,PT,2021-03-19 16:48:42,38.7333,-27.0667,64.99,72,40,10.2
526,Sao Gabriel Da Cachoeira,BR,2021-03-19 16:48:42,-0.1303,-67.0892,86.0,74,40,4.61
527,Eucaliptus,BO,2021-03-19 16:48:42,-17.5833,-67.5167,59.0,51,75,8.05
528,Hukuntsi,BW,2021-03-19 16:48:42,-24.0,21.75,79.14,38,36,4.94
529,Ayan,RU,2021-03-19 16:48:43,56.45,138.1667,9.0,69,0,8.3
530,Coihaique,CL,2021-03-19 16:48:02,-45.5752,-72.0662,55.4,50,75,14.97
531,Soubre,CI,2021-03-19 16:48:43,5.7856,-6.6083,92.89,42,23,3.11
532,Atima,HN,2021-03-19 16:48:43,14.9333,-88.4833,73.4,73,75,6.91
533,Nantucket,US,2021-03-19 16:48:44,41.2835,-70.0995,32.0,74,40,31.07
534,Conde,BR,2021-03-19 16:48:44,-7.2597,-34.9075,86.0,70,75,14.97
535,Mae Sot,TH,2021-03-19 16:48:45,16.7167,98.5667,75.51,54,0,1.59
536,Sungaipenuh,ID,2021-03-19 16:48:45,-2.0833,101.3833,66.51,98,99,1.01
537,Annau,TM,2021-03-19 16:48:45,37.8876,58.516,60.8,48,90,2.3
538,Tatawin,TN,2021-03-19 16:48:46,32.9297,10.4518,71.6,28,0,3.44
539,Utrera,ES,2021-03-19 16:48:46,37.1852,-5.7809,64.99,39,0,13.8
540,Oranjestad,AW,2021-03-19 16:45:15,12.524,-70.027,78.35,76,80,16.73
541,Thanh Hoa,VN,2021-03-19 16:48:47,19.8,105.7667,73.72,92,60,3.13
542,Esil,KZ,2021-03-19 16:48:47,51.9556,66.4042,30.94,78,100,16.31
543,West Bay,KY,2021-03-19 16:48:47,19.3667,-81.4167,84.2,65,40,12.66
544,Zhanakorgan,KZ,2021-03-19 16:48:48,43.9098,67.2495,51.85,61,100,9.93
545,Charters Towers,AU,2021-03-19 16:48:48,-20.1,146.2667,72.1,91,99,9.24
546,Kampong Chhnang,KH,2021-03-19 16:48:49,12.1667,104.55,82.11,65,10,8.79
547,Gorontalo,ID,2021-03-19 16:48:49,0.5412,123.0595,74.75,93,82,3.27
548,Olinda,BR,2021-03-19 16:48:49,-8.0089,-34.8553,84.2,58,40,12.66
549,Kattivakkam,IN,2021-03-19 16:48:50,13.2167,80.3167,78.8,78,20,4.61
550,Nome,US,2021-03-19 16:48:50,64.5011,-165.4064,-20.2,69,1,4.72
551,Xique-Xique,BR,2021-03-19 16:48:50,-10.8218,-42.7263,87.67,49,99,3.29
552,Soure,BR,2021-03-19 16:48:51,-0.7167,-48.5233,73.4,95,100,9.04
553,Lumeje,AO,2021-03-19 16:48:51,-11.55,20.7833,76.24,63,66,2.35
554,Encruzilhada Do Sul,BR,2021-03-19 16:48:51,-30.5439,-52.5219,79.12,50,3,6.87
555,Virginia Beach,US,2021-03-19 16:46:18,36.8529,-75.978,39.2,87,90,17.27
556,Petropavlovsk-Kamchatskiy,RU,2021-03-19 16:46:50,53.0452,158.6483,32.0,100,90,6.71
557,Coromandel,BR,2021-03-19 16:48:52,-18.4733,-47.2003,77.59,68,35,5.95
558,San Andres,CO,2021-03-19 16:48:52,12.5847,-81.7006,84.2,65,20,17.27
559,Tabuk,PH,2021-03-19 16:48:53,17.4189,121.4443,72.93,93,76,1.66
560,Pemba,MZ,2021-03-19 16:48:53,-12.974,40.5178,82.4,78,75,6.91
561,Buta,CD,2021-03-19 16:48:54,2.7858,24.73,72.72,94,70,4.23
562,Skibbereen,IE,2021-03-19 16:48:54,51.55,-9.2667,51.8,82,75,6.91
563,Fuzhou,CN,2021-03-19 16:48:02,26.0614,119.3061,59.0,100,90,4.47
564,Manjeshwar,IN,2021-03-19 16:48:55,12.7194,74.8861,84.2,74,40,3.04
565,Seoul,KR,2021-03-19 16:48:55,37.5683,126.9778,57.2,66,60,3.44
566,Palmer,US,2021-03-19 16:48:55,42.1584,-72.3287,36.0,23,40,24.16
567,Nago,JP,2021-03-19 16:48:56,26.5881,127.9761,71.6,83,1,4.61
568,Pacific Grove,US,2021-03-19 16:48:56,36.6177,-121.9166,55.0,88,100,3.02
569,Roald,NO,2021-03-19 16:48:56,62.5833,6.1333,46.0,76,75,16.11
570,Dawei,MM,2021-03-19 16:48:57,14.0833,98.2,75.38,85,0,2.48
571,Kalianget,ID,2021-03-19 16:48:57,-7.05,113.9333,81.21,81,50,10.76
572,Pochutla,MX,2021-03-19 16:48:58,15.7432,-96.4661,90.0,42,1,8.59
573,Kangaatsiaq,GL,2021-03-19 16:48:58,68.3065,-53.4641,19.35,73,100,11.36
574,Kochevo,RU,2021-03-19 16:48:58,59.5994,54.3125,23.65,96,99,6.11
575,Winburg,ZA,2021-03-19 16:48:59,-28.518,27.0093,66.79,36,21,4.29
576,Oranjemund,NA,2021-03-19 16:48:59,-28.55,16.4333,64.96,81,33,18.01
577,Srednekolymsk,RU,2021-03-19 16:49:00,67.45,153.6833,-26.91,95,0,2.89
578,Pacifica,US,2021-03-19 16:44:28,37.6138,-122.4869,55.99,100,90,4.74
579,Muncar,ID,2021-03-19 16:49:00,-8.4333,114.3333,76.05,86,73,3.87
580,Pathein,MM,2021-03-19 16:49:01,16.7833,94.7333,74.82,80,76,9.1
581,Bayshore Gardens,US,2021-03-19 16:49:01,27.4253,-82.5904,70.0,68,75,16.11
582,Kaduqli,SD,2021-03-19 16:49:01,11.0167,29.7167,94.15,13,86,8.37
583,Gresham,US,2021-03-19 16:45:03,45.4982,-122.4315,50.0,66,90,6.91
584,Luderitz,NA,2021-03-19 16:49:02,-26.6481,15.1594,68.94,63,65,22.86
585,Dubrovka,RU,2021-03-19 16:49:02,53.6907,33.5071,26.65,83,89,3.96
586,Damara,CF,2021-03-19 16:49:03,4.9608,18.7035,96.8,36,20,5.75
587,Chabahar,IR,2021-03-19 16:49:03,25.2919,60.643,76.1,73,24,3.87
588,Vanimo,PG,2021-03-19 16:49:04,-2.6741,141.3028,77.72,84,56,3.06
589,Maturin,VE,2021-03-19 16:49:04,9.75,-63.1767,89.56,43,57,7.47
590,Da Nang,VN,2021-03-19 16:44:53,16.0678,108.2208,78.8,83,40,4.61
591,Huntsville,US,2021-03-19 16:49:05,34.7304,-86.5861,46.99,81,90,14.97
592,Ust-Ilimsk,RU,2021-03-19 16:49:05,58.0006,102.6619,18.07,93,97,8.9
593,Wasilla,US,2021-03-19 16:49:05,61.5814,-149.4394,1.99,77,1,3.44
594,Tomohon,ID,2021-03-19 16:49:06,1.3346,124.8392,77.0,94,20,1.14
